1,7909737,1,C/T
1,7909737,1,C/T
1,9017204,1,A/G
1,9017204,1,A/G
1,9017204,1,A/G
1,11856378,1,G/A
1,15668276,1,G/A
1,32672908,1,T/G
1,32672908,1,T/G
1,32740366,1,G/A
1,32740366,1,G/A
1,78098403,1,T/C
1,153320372,1,T/G
1,158324425,1,A/G
1,158324425,1,A/G
1,158324425,1,A/G
1,158324425,1,A/G
1,158324425,1,A/G
1,158324425,1,A/G
1,158324425,1,A/G
1,161068836,1,A/C
1,161068836,1,A/C
1,208391254,1,C/T
1,242042545,1,A/G
1,242042545,1,A/G
1,242042545,1,A/G
1,248084627,1,C/T
1,248637115,1,T/C
1,248813827,1,T/C
2,45895,1,A/G
2,58316814,1,A/G
2,58316814,1,A/G
2,58316814,1,A/G
2,58316814,1,A/G
2,58316814,1,A/G
2,68385097,1,A/G
2,69659126,1,A/T
2,69659126,1,A/T
2,202252539,1,G/A
2,220046975,1,C/A
3,53857917,1,T/G
3,119379186,1,C/T
3,124627024,1,T/G
3,128781048,1,G/A
3,157081324,1,A/G
3,157081324,1,A/G
3,157081324,1,A/G
4,7716061,1,C/T
4,41259633,1,C/A
4,56502307,1,G/T
4,57843295,1,C/A
4,69512847,1,T/G
4,79832706,1,C/G
4,95170839,1,G/A
4,95170839,1,G/A
4,95170839,1,G/A
4,95173779,1,T/C
4,95173779,1,T/C
4,95173779,1,T/C
4,120214030,1,T/G
4,122250734,1,A/G
4,123664204,1,G/A
4,123664204,1,G/A
5,16769273,1,G/A
5,35965970,1,A/C
5,35965970,1,A/C
5,70858342,1,A/G
5,140186980,1,G/A
5,140186980,1,G/A
6,656555,1,G/T
6,1313117,1,A/C
6,1313121,1,A/C
6,7246998,1,G/A
6,7246998,1,G/A
6,7246998,1,G/A
6,13814340,1,T/C
6,31324531,1,C/T
6,90039670,1,G/C
6,152469188,1,C/G
6,152469188,1,C/G
7,940181,1,C/T
7,6193464,1,T/G
7,6590670,1,C/T
7,6621277,1,G/A
7,6621277,1,G/A
7,6621277,1,G/A
7,6621277,1,G/A
7,21582964,1,A/T
7,29070320,1,C/T
7,29070320,1,C/T
7,31682453,1,C/T
7,31682453,1,C/T
7,31682453,1,C/T
7,31683410,1,G/A
7,31683410,1,G/A
7,31683410,1,G/A
7,53103371,1,G/T
7,55229255,1,G/A
7,55229255,1,G/A
7,55229255,1,G/A
7,76144483,1,A/G
7,76144483,1,A/G
7,157959895,1,C/T
7,157959895,1,C/T
7,157959895,1,C/T
8,48710955,1,A/G
8,48710955,1,A/G
8,143922620,1,C/T
8,143956693,1,G/A
8,143956693,1,G/A
8,143961102,1,C/T
8,143961102,1,C/T
8,143994041,1,C/T
8,144893084,1,G/A
8,144893084,1,G/A
9,12775889,1,A/G
9,100388197,1,C/T
9,131702891,1,A/G
9,139752899,1,T/G
9,140243968,1,C/T
10,50183042,1,G/A
10,73115942,1,G/A
10,73115942,1,G/A
10,73121913,1,A/G
10,88717154,1,C/T
10,115370274,1,T/C
10,115370274,1,T/C
10,115370274,1,T/C
10,115489152,1,C/G
10,115489152,1,C/G
10,115489152,1,C/G
10,115489152,1,C/G
10,115489152,1,C/G
10,115489152,1,C/G
10,115489152,1,C/G
10,115489167,1,G/A
10,124610027,1,G/A
10,124610027,1,G/A
10,128192985,1,C/T
10,129899578,1,T/C
10,129899578,1,T/C
10,129899778,1,G/C
10,129899778,1,G/C
10,129902281,1,G/A
10,129902281,1,G/A
10,129903016,1,T/C
10,129903016,1,T/C
11,1264742,1,G/C
11,1269398,1,C/T
11,114393652,1,C/T
11,114441943,1,G/A
11,114441943,1,G/A
12,11174276,1,G/A
12,11183217,1,C/T
12,11183255,1,G/A
12,11183832,1,G/A
12,11214212,1,A/T
12,11243913,1,T/G
12,11244126,1,G/A
12,11244378,1,C/G
12,11244435,1,T/C
12,11244470,1,T/C
12,11244483,1,A/G
12,11244591,1,C/A
12,11244603,1,T/A
12,11244687,1,G/C
12,11286088,1,A/C
12,11506211,1,A/C
12,11506211,1,A/C
12,11506211,1,A/C
12,11506403,1,A/G
12,11506473,1,C/G
12,52215102,1,T/G
12,122295335,1,T/C
12,122326812,1,T/C
12,122326812,1,T/C
12,122353796,1,A/G
12,122353796,1,A/G
12,122396395,1,C/T
12,122396395,1,C/T
12,125434580,1,C/T
12,125438516,1,T/C
13,21562948,1,G/A
13,28009031,1,G/C
13,28009920,1,G/C
13,28009920,1,G/C
13,28009920,1,G/C
13,28009920,1,G/C
13,32885654,1,T/C
13,103449202,1,T/C
14,45644589,1,G/T
14,52937255,1,C/T
14,52937255,1,C/T
14,61180657,1,T/G
14,62462766,1,T/C
14,65031534,1,C/T
14,103342049,1,T/C
14,103342049,1,T/C
14,103342049,1,T/C
14,103342049,1,T/C
14,105405599,1,G/C
14,105406238,1,A/C
14,105407798,1,T/C
14,105408182,1,T/G
14,105408811,1,A/G
14,105408827,1,A/C
14,105408955,1,A/G
14,105410183,1,T/C
14,105410411,1,C/T
14,105410827,1,C/T
14,105411700,1,A/G
14,105411781,1,G/A
14,105412259,1,G/C
14,105412260,1,G/C
14,105413204,1,G/T
14,105414333,1,A/C
14,105414629,1,G/A
14,105414790,1,A/G
14,105415469,1,T/C
14,105415608,1,G/C
15,22074657,1,C/G
15,22074657,1,C/G
15,56207811,1,T/G
15,59981515,1,A/G
15,59981590,1,G/A
15,65621441,1,C/A
15,65676726,1,C/T
15,65703625,1,C/G
15,65916527,1,A/T
15,76496340,1,C/T
15,78466127,1,T/C
15,78466127,1,T/C
15,81624768,1,C/T
15,81625385,1,C/T
15,100821576,1,G/A
16,1279574,1,C/G
16,20492000,1,A/G
16,56673227,1,C/A
16,81190613,1,A/G
16,89346774,1,G/T
16,89346774,1,G/T
16,89346774,1,G/T
17,7592168,1,C/G
17,7592168,1,C/G
17,7592168,1,C/G
17,7592168,1,C/G
17,7606722,1,C/G
17,7606722,1,C/G
17,7606722,1,C/G
17,7606722,1,C/G
17,39340812,1,T/C
17,39340826,1,T/C
17,39394755,1,C/A
17,43507008,1,G/C
17,44408406,1,A/G
17,67273882,1,C/A
17,67273882,1,C/A
17,72350412,1,G/A
17,72700943,1,A/G
17,78091405,1,G/A
17,78091405,1,G/A
17,78091405,1,G/A
18,77246406,1,T/G
18,77246406,1,T/G
18,77246406,1,T/G
18,77246406,1,T/G
19,1003172,1,C/T
19,1077985,1,A/G
19,1077985,1,A/G
19,7528734,1,A/G
19,7528734,1,A/G
19,9046876,1,G/T
19,9048320,1,C/T
19,9049910,1,C/T
19,9056989,1,C/G
19,9057721,1,C/T
19,9058624,1,G/A
19,9058942,1,C/T
19,9060085,1,C/T
19,9066874,1,G/T
19,9069792,1,G/A
19,9069892,1,A/C
19,9072975,1,G/A
19,9074073,1,G/A
19,9077581,1,G/T
19,9080462,1,C/G
19,9083457,1,C/T
19,9085004,1,T/C
19,9085643,1,A/G
19,9086318,1,G/A
19,9087758,1,G/A
19,9088330,1,G/A
19,9088772,1,T/C
19,9492370,1,A/T
19,9492370,1,A/T
19,9492370,1,A/T
19,10077419,1,C/G
19,15198292,1,C/G
19,15198507,1,T/C
19,16436262,1,T/C
19,36530428,1,G/A
19,40408268,1,G/T
19,43243238,1,A/G
19,44933706,1,C/T
19,49445817,1,T/C
19,52250216,1,A/G
19,52250216,1,A/G
19,53911973,1,A/G
19,53958126,1,T/G
19,54327313,1,C/A
19,54726241,1,C/T
19,54726241,1,C/T
19,54726299,1,A/C
19,54726299,1,A/C
19,54726347,1,T/A
19,54726347,1,T/A
19,54783375,1,T/A
19,54783375,1,T/A
19,55143083,1,T/C
19,55143083,1,T/C
19,55143083,1,T/C
19,55143083,1,T/C
19,55143452,1,T/C
19,55143452,1,T/C
19,55143452,1,T/C
19,55143452,1,T/C
19,55143491,1,G/T
19,55143491,1,G/T
19,55143491,1,G/T
19,55143491,1,G/T
19,55525497,1,A/G
19,55869903,1,T/C
19,57723007,1,G/C
19,57723013,1,G/A
19,57760018,1,G/A
19,57760057,1,G/A
19,57764770,1,G/A
19,57764770,1,G/A
20,1895889,1,G/C
20,1895889,1,G/C
20,1895889,1,G/C
20,3686436,1,C/T
20,4680251,1,A/G
20,4680251,1,A/G
20,4680251,1,A/G
20,4680251,1,A/G
20,4680251,1,A/G
22,17589209,1,C/T
22,19766782,1,C/T
22,19950263,1,G/T
22,19950263,1,G/T
22,19950263,1,G/T
22,19950263,1,G/T
22,21327589,1,C/T
22,31006860,1,A/G
22,31006860,1,A/G
22,31011610,1,G/C
22,31011610,1,G/C
22,31013419,1,C/T
22,31013419,1,C/T
22,38485540,1,A/G
22,44379838,1,A/G
X,3631167,1,A/G
X,73641569,1,T/C
X,153278829,1,G/A
X,153278829,1,G/A
X,153284192,1,A/G
X,153284192,1,A/G
X,153284192,1,A/G
