1,1599812,1,C/T
1,2488153,1,A/G
1,3496479,1,T/T
1,3548832,1,G/G
1,3669205,1,C/G
1,3677933,1,T/T
1,3679775,1,C/T
1,16382201,1,G/G
1,16382201,1,G/G
1,16909129,1,T/T
1,17275337,1,C/T
1,17312743,1,C/T
1,26691174,1,C/C
1,26691174,1,C/C
1,27690770,1,A/C
1,33160644,1,T/T
1,33160644,1,T/T
1,33547930,1,C/G
1,42630364,1,G/G
1,42898843,1,A/G
1,42898843,1,A/G
1,63999826,1,C/T
1,63999868,1,T/T
1,64021096,1,G/G
1,70904800,1,G/T
1,70904800,1,G/T
1,70904800,1,G/T
1,78585086,1,T/T
1,89449298,1,C/G
1,89449298,1,C/G
1,114680310,1,G/G
1,114680310,1,G/G
1,145021150,1,T/T
1,145021150,1,T/T
1,151733335,1,T/T
1,152732174,1,T/T
1,152732567,1,G/G
1,152733301,1,T/T
1,152759950,1,A/G
1,152770521,1,G/G
1,152770533,1,G/G
1,152770589,1,A/G
1,152777908,1,C/T
1,160616703,1,G/T
1,160851826,1,A/T
1,160920966,1,C/T
1,161019040,1,G/G
1,161019040,1,G/G
1,201017805,1,A/C
1,201973565,1,G/G
1,207753621,1,A/G
1,207753621,1,A/G
1,207790088,1,C/G
1,207790088,1,C/G
1,212798251,1,C/T
1,214818945,1,A/C
1,231488524,1,C/T
1,233514934,1,G/G
1,233514975,1,G/T
1,233515102,1,T/T
1,242428735,1,C/G
1,242428735,1,C/G
1,248039294,1,G/G
1,248084980,1,G/T
1,248129240,1,G/G
1,248525100,1,G/G
1,248525135,1,G/G
1,248525138,1,C/T
1,248722777,1,T/T
1,248737293,1,G/G
1,248737343,1,C/T
1,248737664,1,C/T
2,18766123,1,C/T
2,18766123,1,C/T
2,18766123,1,C/T
2,18766123,1,C/T
2,18766123,1,C/T
2,18766123,1,C/T
2,18766123,1,C/T
2,20131079,1,T/T
2,20131079,1,T/T
2,55404794,1,G/G
2,55404794,1,G/G
2,68364478,1,T/T
2,68364478,1,T/T
2,72361960,1,A/G
2,75923413,1,T/T
2,75923413,1,T/T
2,85536415,1,G/G
2,85617913,1,G/T
2,85617913,1,G/T
2,85617913,1,G/T
2,85622059,1,T/T
2,85622059,1,T/T
2,85622059,1,T/T
2,85628983,1,C/T
2,85628983,1,C/T
2,85628983,1,C/T
2,88895123,1,T/T
2,97820417,1,T/T
2,97830179,1,G/G
2,97830192,1,T/T
2,97864333,1,C/C
2,97864374,1,G/T
2,97877292,1,C/C
2,97883094,1,T/T
2,98164184,1,C/G
2,98844674,1,C/G
2,98853173,1,G/G
2,105885961,1,T/T
2,105885961,1,T/T
2,108608648,1,A/G
2,132288362,1,T/T
2,132288362,1,T/T
2,132288362,1,T/T
2,132288362,1,T/T
2,150071216,1,T/T
2,166781158,1,G/G
2,171822576,1,C/T
2,171822576,1,C/T
2,196765098,1,G/G
2,216904019,1,A/T
2,216923679,1,C/T
2,219130802,1,T/T
2,219146803,1,G/G
2,219508988,1,T/T
2,219509618,1,C/C
2,220037666,1,A/G
2,220037756,1,A/G
2,220047173,1,A/T
2,239039841,1,A/G
3,49726070,1,G/G
3,98250986,1,C/T
3,99643176,1,C/T
3,99643176,1,C/T
3,121208176,1,T/T
3,121208894,1,T/T
3,121981215,1,A/G
3,121981215,1,A/G
3,124896668,1,G/G
3,124896668,1,G/G
3,126180820,1,G/G
3,126180820,1,G/G
3,126451937,1,G/T
3,129155451,1,C/T
3,132277907,1,G/G
3,151463421,1,G/T
3,153840389,1,T/T
3,153840389,1,T/T
3,153840389,1,T/T
3,167184878,1,T/T
3,167217964,1,A/G
3,183476685,1,G/G
3,185331165,1,C/C
3,186301703,1,A/G
3,186337713,1,T/T
3,186338382,1,G/G
3,187088656,1,C/T
3,194338424,1,G/G
3,194387253,1,A/G
4,5966801,1,T/T
4,6303354,1,G/G
4,6303354,1,G/G
4,9909923,1,G/G
4,9909923,1,G/G
4,10022981,1,C/T
4,25673284,1,C/T
4,25673284,1,C/T
4,25673284,1,C/T
4,37903756,1,T/T
4,37903756,1,T/T
4,39000305,1,A/G
4,47525054,1,T/T
4,57344588,1,A/G
4,69343287,1,A/G
4,72433545,1,A/C
4,73414286,1,C/T
4,79443850,1,G/G
4,88537261,1,A/T
4,110581363,1,T/T
4,156135605,1,G/G
4,177098285,1,G/G
4,177098285,1,G/G
4,190876278,1,G/G
5,13894894,1,T/T
5,32786389,1,A/G
5,32786389,1,A/G
5,32786389,1,A/G
5,34998877,1,C/C
5,36985303,1,A/G
5,36985303,1,A/G
5,41049397,1,C/T
5,41061716,1,A/G
5,52351838,1,G/G
5,55212667,1,G/G
5,55212667,1,G/G
5,55212667,1,G/G
5,56177443,1,G/G
5,56177743,1,G/G
5,56207123,1,T/T
5,56207123,1,T/T
5,68863596,1,A/G
5,73985215,1,A/G
5,79616083,1,G/G
5,115249078,1,C/T
5,149212471,1,G/G
5,149212471,1,G/G
5,149212471,1,G/G
5,176017639,1,C/C
5,176017639,1,C/C
5,179201847,1,G/G
6,2685775,1,G/G
6,2955802,1,T/T
6,2955802,1,T/T
6,7211818,1,G/G
6,7211818,1,G/G
6,7211818,1,G/G
6,7211818,1,G/G
6,7247248,1,T/T
6,7247248,1,T/T
6,7247248,1,T/T
6,26637796,1,C/C
6,26637796,1,C/C
6,26637796,1,C/C
6,26637796,1,C/C
6,29910572,1,C/T
6,31237802,1,A/G
6,31238930,1,A/C
6,57467093,1,A/G
6,57467107,1,C/T
6,65622463,1,A/G
6,75848181,1,A/G
6,75848181,1,A/G
6,80196848,1,C/T
6,80196848,1,C/T
6,80228535,1,T/T
6,80228535,1,T/T
6,85473758,1,C/T
6,117860508,1,A/G
6,151670172,1,A/C
6,151670172,1,A/C
6,151674326,1,A/C
6,151674326,1,A/C
6,160505207,1,A/G
7,2578181,1,C/T
7,2578371,1,G/G
7,2582907,1,C/T
7,4091283,1,C/T
7,6547902,1,G/G
7,11022230,1,A/G
7,11582681,1,T/T
7,23794029,1,G/G
7,23794029,1,G/G
7,23794029,1,G/G
7,23794029,1,G/G
7,36763672,1,C/T
7,36763672,1,C/T
7,36763672,1,C/T
7,45113121,1,G/G
7,45113121,1,G/G
7,45113121,1,G/G
7,45113121,1,G/G
7,45124465,1,A/T
7,48311563,1,T/T
7,64291976,1,G/G
7,65425894,1,A/G
7,72418992,1,C/T
7,75615006,1,C/T
7,99474427,1,A/G
7,101200727,1,G/G
7,105177041,1,A/T
7,151970877,1,G/G
7,156469133,1,C/G
7,156469133,1,C/G
7,156469133,1,C/G
7,156469179,1,C/T
7,156469179,1,C/T
7,156469179,1,C/T
8,7215694,1,A/G
8,13356802,1,G/G
8,13356802,1,G/G
8,13356819,1,T/T
8,13356819,1,T/T
8,13357340,1,G/G
8,13357340,1,G/G
8,37730368,1,G/G
8,95143172,1,T/T
8,95143172,1,T/T
8,144689146,1,C/T
9,33385690,1,G/T
9,34310927,1,T/T
9,35870001,1,T/T
9,74360096,1,C/T
9,74360096,1,C/T
9,99699485,1,G/G
9,99699485,1,G/G
9,100122291,1,T/T
9,103340817,1,G/G
9,107361490,1,A/T
9,112900199,1,T/T
9,112900199,1,T/T
9,112900199,1,T/T
9,112900199,1,T/T
9,112900199,1,T/T
9,115818949,1,A/T
9,117124731,1,G/G
9,117169033,1,A/G
9,117169033,1,A/G
9,117169033,1,A/G
9,117186712,1,C/T
9,117186712,1,C/T
9,117186712,1,C/T
9,117808785,1,T/T
9,130475442,1,A/C
9,134183379,1,C/T
9,136133506,1,A/G
9,136135238,1,T/T
9,136136770,1,A/C
9,139235415,1,C/T
9,139235415,1,C/T
9,139391338,1,C/T
10,26513539,1,T/T
10,26513539,1,T/T
10,33475282,1,C/T
10,33475282,1,C/T
10,33475282,1,C/T
10,44112245,1,G/G
10,50822376,1,C/G
10,72532314,1,G/G
10,73111408,1,C/T
10,73111408,1,C/T
10,85992390,1,G/T
10,88422028,1,C/G
10,88422028,1,C/G
10,112595719,1,G/G
10,115644040,1,G/G
10,124742895,1,G/G
10,128150096,1,G/T
10,129901501,1,G/G
10,129901501,1,G/G
10,129901747,1,C/T
10,129901747,1,C/T
10,129905896,1,T/T
10,129905896,1,T/T
10,129906980,1,C/T
10,129906980,1,C/T
11,280464,1,C/G
11,490035,1,C/T
11,1016914,1,G/T
11,1017591,1,C/T
11,1018262,1,G/G
11,1018263,1,T/T
11,1651645,1,A/G
11,6221214,1,T/T
11,6913127,1,A/G
11,6942476,1,C/C
11,6942726,1,G/G
11,6953858,1,A/G
11,9225486,1,C/G
11,9225486,1,C/G
11,9305051,1,T/T
11,19955194,1,G/G
11,19955194,1,G/G
11,19955194,1,G/G
11,19955194,1,G/G
11,45245778,1,G/T
11,45245778,1,G/T
11,48346962,1,A/G
11,56467945,1,G/T
11,58190136,1,A/G
11,59190120,1,A/G
11,59224885,1,G/G
11,59225221,1,T/T
11,72408055,1,G/G
11,72408055,1,G/G
11,72408055,1,G/G
11,77301341,1,G/G
11,77583266,1,G/G
11,77774947,1,G/G
11,77790655,1,G/G
11,77790655,1,G/G
11,77790655,1,G/G
11,77790655,1,G/G
11,77790655,1,G/G
11,77790655,1,G/G
11,77825320,1,T/T
11,77825320,1,T/T
11,89531764,1,T/T
11,89531780,1,G/G
11,92573911,1,G/T
11,100226883,1,T/T
11,100226883,1,T/T
11,100226883,1,T/T
11,102576382,1,G/G
11,113803028,1,A/C
11,123600475,1,A/G
11,123886984,1,A/G
11,123887164,1,A/C
11,123893745,1,C/T
11,125617606,1,G/G
11,125763746,1,C/G
11,125766044,1,C/C
11,125769354,1,T/T
11,125769354,1,T/T
11,125891269,1,C/T
11,125891269,1,C/T
12,6127891,1,C/C
12,6128443,1,T/T
12,6562753,1,A/G
12,6562810,1,A/G
12,6980442,1,G/G
12,6980442,1,G/G
12,7015707,1,G/T
12,7015707,1,G/T
12,7015707,1,G/T
12,8278181,1,A/T
12,8278181,1,A/T
12,10560957,1,T/T
12,10573094,1,C/G
12,10573094,1,C/G
12,10588530,1,C/G
12,11034980,1,G/G
12,11150240,1,T/T
12,11174380,1,C/T
12,11183541,1,T/T
12,11244117,1,A/G
12,11338669,1,C/T
12,11338750,1,T/T
12,11506591,1,C/T
12,40713901,1,T/T
12,93175846,1,A/T
12,95693943,1,G/G
12,111731276,1,G/G
12,112688167,1,A/C
12,122689181,1,C/G
12,129189702,1,C/G
13,20006639,1,T/T
13,20006639,1,T/T
13,20006639,1,T/T
13,23907909,1,A/G
13,25367282,1,A/C
13,25367282,1,A/C
13,37679268,1,G/T
13,52343391,1,C/T
13,52343391,1,C/T
13,103528002,1,G/G
13,103528002,1,G/G
13,113748872,1,G/G
13,113748872,1,G/G
14,24839083,1,G/G
14,24839083,1,G/G
14,24839083,1,G/G
14,24839083,1,G/G
14,24839083,1,G/G
14,24845841,1,T/T
14,24845841,1,T/T
14,24845841,1,T/T
14,50901768,1,G/G
14,50901768,1,G/G
14,58563694,1,G/G
14,59113430,1,G/G
14,59113430,1,G/G
14,62463129,1,G/T
14,64612858,1,C/C
14,64612858,1,C/C
14,68042574,1,A/G
14,75538217,1,G/T
14,75574087,1,C/T
14,100375707,1,C/T
14,100375707,1,C/T
14,100380948,1,T/T
14,100380948,1,T/T
14,105412066,1,C/T
15,21051201,1,T/T
15,25926179,1,C/T
15,40259848,1,A/C
15,40265799,1,A/G
15,55722872,1,G/G
15,55972797,1,T/T
15,65703370,1,C/T
15,66845422,1,C/T
15,72191110,1,T/T
15,72699549,1,A/T
15,75108636,1,G/G
15,75146366,1,G/T
15,86807843,1,T/T
15,89398553,1,C/C
15,89398553,1,C/C
15,89402051,1,A/G
15,89402051,1,A/G
15,90167658,1,G/G
15,90344352,1,T/T
15,94841691,1,G/G
15,94841691,1,G/G
16,336396,1,G/G
16,1278744,1,C/T
16,1279714,1,A/G
16,1291318,1,G/G
16,1291831,1,G/G
16,1306346,1,C/G
16,1306971,1,A/G
16,1306986,1,C/T
16,3078165,1,A/G
16,4933939,1,G/G
16,4942099,1,C/T
16,21689879,1,T/T
16,22545865,1,G/G
16,28507644,1,C/G
16,28513403,1,A/G
16,28603655,1,T/T
16,28603655,1,T/T
16,28617514,1,C/T
16,28617514,1,C/T
16,28617514,1,C/T
16,28617514,1,C/T
16,28617514,1,C/T
16,28883241,1,A/G
16,28883241,1,A/G
16,28883241,1,A/G
16,28883241,1,A/G
16,28883241,1,A/G
16,68156591,1,T/T
16,68156591,1,T/T
16,68156591,1,T/T
16,70563087,1,C/G
16,71318577,1,T/T
16,71318577,1,T/T
16,75646576,1,G/T
16,81181097,1,G/T
16,89293730,1,C/T
16,89293730,1,C/T
16,89294827,1,A/G
16,89294827,1,A/G
16,89348038,1,G/G
16,89348038,1,G/G
16,89348038,1,G/G
16,90130139,1,A/G
17,3181662,1,G/G
17,3926110,1,C/G
17,3953102,1,A/G
17,3981290,1,A/G
17,6663894,1,G/G
17,6663894,1,G/G
17,8167600,1,T/T
17,8215424,1,C/T
17,8215424,1,C/T
17,8644854,1,C/T
17,8644854,1,C/T
17,15217437,1,C/G
17,16347245,1,C/T
17,28576076,1,T/T
17,29623288,1,C/T
17,33289046,1,G/G
17,36909499,1,A/T
17,37360846,1,C/T
17,42030531,1,G/G
17,67101718,1,C/T
17,70645032,1,G/G
17,70645032,1,G/G
17,71196809,1,A/G
17,71232687,1,T/T
17,71232687,1,T/T
17,71232687,1,T/T
17,71232807,1,T/T
17,71232807,1,T/T
17,71232807,1,T/T
17,71232881,1,G/G
17,71232881,1,G/G
17,71232881,1,G/G
17,71238433,1,G/G
17,71238433,1,G/G
17,78079597,1,A/G
17,78079597,1,A/G
17,78079597,1,A/G
17,78079669,1,G/G
17,78079669,1,G/G
17,78079669,1,G/G
17,78171944,1,G/G
17,78171944,1,G/G
17,78171944,1,G/G
18,691266,1,A/G
18,691266,1,A/G
18,691266,1,A/G
18,5145609,1,G/T
18,6851058,1,C/G
18,6912143,1,A/C
18,9535817,1,C/T
18,12698983,1,C/T
18,72103782,1,T/T
18,72999359,1,T/T
19,501738,1,C/C
19,501786,1,C/C
19,1360575,1,G/G
19,1388538,1,C/T
19,1827565,1,A/G
19,1880950,1,T/T
19,9449888,1,A/G
19,9449888,1,A/G
19,9449888,1,A/G
19,9449888,1,A/G
19,9449888,1,A/G
19,9449888,1,A/G
19,9449888,1,A/G
19,11358799,1,G/G
19,15198631,1,A/C
19,17337882,1,C/G
19,22155783,1,C/T
19,36207077,1,G/G
19,38055612,1,A/T
19,38056574,1,T/T
19,38091932,1,A/T
19,38091932,1,A/T
19,38377773,1,G/G
19,38379446,1,C/T
19,38817359,1,C/T
19,38817876,1,G/G
19,38827960,1,T/T
19,40196627,1,G/G
19,41383153,1,A/G
19,41383153,1,A/G
19,43382406,1,A/G
19,43382406,1,A/G
19,43382406,1,A/G
19,45021210,1,G/G
19,45021210,1,G/G
19,45029208,1,G/G
19,45029208,1,G/G
19,45029208,1,G/G
19,45029208,1,G/G
19,46823702,1,A/G
19,46823702,1,A/G
19,46823702,1,A/G
19,46823702,1,A/G
19,49339098,1,T/T
19,49391404,1,C/T
19,49400634,1,C/T
19,49899076,1,G/G
19,50957397,1,G/G
19,50967640,1,G/G
19,51850290,1,G/G
19,51850290,1,G/G
19,52033158,1,C/T
19,52033158,1,C/T
19,52033158,1,C/T
19,52033158,1,C/T
19,52033158,1,C/T
19,52033158,1,C/T
19,53856702,1,G/G
19,53959343,1,G/G
19,53959568,1,G/G
19,54721256,1,A/G
19,54721256,1,A/G
19,54721320,1,C/G
19,54721320,1,C/G
19,54722250,1,T/T
19,54722250,1,T/T
19,54724443,1,G/G
19,54724443,1,G/G
19,54725798,1,G/T
19,54725798,1,G/T
19,54725930,1,C/T
19,54725930,1,C/T
19,54745508,1,G/G
19,54782407,1,C/T
19,54782407,1,C/T
19,55174498,1,T/T
19,55174498,1,T/T
19,55401170,1,A/G
19,55401170,1,A/G
19,55401170,1,A/G
19,55401170,1,A/G
19,55401170,1,A/G
19,55401170,1,A/G
19,55401170,1,A/G
19,56274453,1,G/G
19,57132968,1,G/G
19,57646570,1,T/T
19,57648277,1,A/T
19,58017753,1,C/C
19,58017758,1,G/G
19,58117083,1,A/G
19,58131576,1,T/T
19,58132106,1,A/C
19,58152795,1,C/T
19,58152795,1,C/T
19,58152795,1,C/T
19,58152795,1,C/T
19,58152795,1,C/T
19,58152795,1,C/T
20,1592215,1,C/G
20,1592284,1,G/G
20,1592312,1,T/T
20,21142523,1,C/G
20,21142523,1,C/G
20,21142523,1,C/G
20,21142813,1,T/T
20,21142813,1,T/T
20,21142813,1,T/T
20,35414905,1,G/T
20,43976991,1,A/G
20,55070268,1,A/T
20,55108617,1,C/C
21,15516948,1,C/T
22,17669306,1,T/T
22,17669306,1,T/T
22,17990852,1,G/G
22,20779768,1,G/G
22,20779768,1,G/G
22,23503155,1,C/T
22,23627238,1,C/C
22,23627238,1,C/C
22,23632547,1,A/G
22,23632547,1,A/G
22,24579157,1,G/T
22,24622648,1,T/T
22,24622648,1,T/T
22,24622648,1,T/T
22,32011225,1,T/T
22,32011225,1,T/T
22,32011225,1,T/T
22,32011225,1,T/T
22,32011225,1,T/T
22,36684354,1,T/T
22,51011376,1,G/G
22,51011376,1,G/G
22,51011376,1,G/G
22,51011376,1,G/G
22,51011376,1,G/G
22,51011376,1,G/G
X,7811812,1,C/G
X,7811813,1,A/T
X,135958730,1,C/C
X,140785696,1,T/T
X,147010263,1,A/C
X,147010263,1,A/C
X,147010263,1,A/C
X,147010263,1,A/C
X,147010263,1,A/C
